OBJECTID,abiebals_FS,abiebals_NHP,fagugran_FS,fagugran_NHP,fraxamer_FS,fraxamer_NHP,fraxnigr_FS,fraxnigr_NHP,fraxpenni_FS,fraxpenni_NHP,pinustro_FS,pinustro_NHP,querrubr_FS,querrubr_NHP,tsugcana_FS,tsugcana_NHP
1,1,0,1,0,1,0,1,0,1,0,2,1,2,0,3,1
2,1,0,3,1,3,0,1,0,1,0,2,0,1,0,4,1
3,1,1,2,1,1,1,1,0,1,0,1,1,1,0,1,1
4,1,0,2,1,2,0,1,0,1,0,2,0,1,0,1,0
5,3,0,1,0,3,1,1,0,1,0,3,1,1,0,2,1
6,1,1,1,1,3,1,1,1,1,0,5,0,3,0,4,0
7,2,0,1,0,1,0,1,1,1,0,2,0,2,0,2,0
8,2,1,1,1,1,0,1,0,1,0,2,0,2,0,2,1
9,1,0,4,1,1,0,1,0,1,0,1,0,1,0,1,0
10,1,0,4,1,4,0,1,0,1,0,1,0,1,0,1,0
11,1,0,1,0,2,0,1,1,1,0,4,0,3,0,3,0
12,1,0,1,1,2,1,2,0,1,0,2,1,1,0,4,1
13,2,0,1,0,1,0,4,0,1,0,4,1,1,0,3,0
14,1,1,1,0,1,0,1,0,2,0,1,1,1,1,1,0
15,1,0,3,1,2,1,1,0,1,0,1,0,1,0,2,0
16,1,0,1,0,1,0,1,0,1,0,2,0,3,0,4,0
17,1,1,1,0,1,0,1,0,1,0,2,1,1,0,1,1
18,1,0,4,0,1,0,1,1,1,0,1,0,1,0,3,1
19,1,0,1,0,2,0,1,1,3,0,2,0,1,0,2,0
20,1,0,2,0,2,0,1,0,1,0,2,0,1,0,5,1
21,1,0,2,1,2,0,1,0,1,0,1,0,2,0,2,0
22,1,0,1,1,4,1,1,1,1,0,3,0,1,0,1,1
23,1,0,4,1,1,0,1,0,1,0,1,0,1,0,1,0
24,1,0,2,1,2,0,1,1,1,0,2,0,2,0,4,1
25,1,0,1,0,1,0,1,0,1,0,4,0,4,0,2,1
26,1,0,4,0,1,0,1,0,1,0,1,0,1,0,1,0
27,1,0,4,1,4,1,1,0,1,0,1,0,1,0,1,0
28,1,0,2,1,2,1,1,0,1,0,1,0,2,0,1,1
29,1,0,2,1,1,0,1,0,1,0,1,0,1,0,1,0
30,1,0,3,1,2,1,1,1,1,0,1,0,1,0,2,1
31,1,0,3,0,1,1,1,0,1,0,3,1,2,1,4,1
32,1,0,4,1,1,0,1,0,1,0,1,0,1,0,1,0
33,1,0,4,1,4,0,1,0,1,0,1,0,1,0,1,0
34,,0,,1,,0,,0,,0,,0,,0,,1
35,1,0,3,1,3,1,1,0,1,0,1,0,1,0,3,1
36,1,0,2,0,2,0,1,0,1,0,1,1,2,0,3,1
37,1,0,2,1,2,1,1,0,1,0,1,0,1,0,3,0
38,1,0,1,1,3,1,1,0,1,0,1,0,2,0,2,0
39,1,0,4,0,2,1,1,0,1,0,1,0,1,0,1,0
40,1,0,2,1,2,0,1,0,1,0,1,0,2,0,1,1
41,1,0,1,1,1,1,1,0,1,0,1,0,1,0,1,0
42,1,0,1,0,1,0,1,0,1,0,1,0,1,0,1,0
43,1,0,1,1,3,0,1,0,1,0,2,0,2,0,2,0
44,1,0,4,1,2,0,1,0,1,0,1,0,1,0,1,0
45,1,0,5,1,1,0,1,0,1,0,1,0,1,0,1,0
46,1,0,3,0,3,0,1,0,1,0,1,0,1,0,1,0
47,1,0,2,1,2,1,1,0,1,0,1,0,3,0,1,1
48,1,0,4,1,1,0,1,0,1,0,1,0,1,0,1,0
49,1,0,1,1,3,0,2,0,1,0,1,0,1,0,1,0
50,1,0,3,1,2,0,1,0,1,0,1,0,2,0,1,1
51,1,0,4,1,1,0,1,0,1,0,1,0,1,0,2,0
52,1,0,3,1,1,1,1,0,1,0,1,0,1,0,2,0
53,1,0,3,1,4,0,1,0,1,0,1,0,1,0,3,0
54,1,0,2,0,1,0,1,0,1,0,1,0,1,0,3,0
55,1,0,2,1,2,0,1,1,1,0,2,0,2,0,5,1
56,1,0,2,0,1,0,1,1,1,0,1,0,1,0,1,0
57,1,0,1,1,3,0,1,0,1,0,1,0,2,0,4,1
58,1,1,4,1,2,0,1,1,1,0,1,0,1,0,1,1
59,1,0,1,1,1,1,1,0,1,0,1,0,2,0,1,0
60,1,0,3,1,3,0,1,0,1,0,1,0,1,0,3,0
61,1,0,2,1,4,1,1,0,1,0,2,0,2,0,3,1
62,1,0,4,1,2,1,1,0,1,0,1,0,1,0,1,1
63,1,0,2,0,1,0,1,0,1,0,2,0,3,0,2,1
64,1,0,2,1,3,1,1,0,1,0,2,0,3,0,1,1
65,1,0,4,1,1,1,1,0,1,0,1,0,1,0,1,0
66,1,0,3,1,2,1,1,0,1,0,1,0,2,0,1,1
67,2,0,1,0,2,0,1,1,1,0,4,0,2,0,3,1
68,1,0,2,0,2,0,1,0,1,0,3,0,2,0,4,0
69,1,0,1,0,2,0,1,0,1,0,1,0,1,0,1,0
70,2,1,2,1,1,1,1,1,1,1,1,1,1,0,2,1
71,1,0,1,0,2,0,1,0,1,0,2,0,1,0,2,0
72,1,0,1,1,3,0,1,0,1,0,1,0,2,0,2,0
73,1,0,2,1,2,1,1,0,1,0,3,0,2,0,3,1
74,1,0,3,1,4,0,1,0,1,0,1,0,1,0,2,0
75,1,0,1,1,1,0,1,0,1,0,1,0,2,0,1,0
76,1,0,3,1,5,1,1,1,1,0,1,0,2,0,1,1
77,2,1,1,0,2,0,1,0,1,0,4,1,2,0,3,0
78,1,0,4,1,3,1,1,0,1,0,1,0,1,0,2,0
79,1,0,3,1,4,0,1,1,1,0,1,0,1,0,1,1
80,1,0,3,1,4,1,1,0,1,0,1,0,3,0,4,1
81,1,1,1,1,2,1,1,1,1,0,5,1,1,0,2,1
82,1,0,2,0,1,0,1,0,1,0,1,0,2,0,4,1
83,1,0,3,0,2,1,1,0,1,0,1,0,2,0,1,0
84,2,0,3,1,3,1,1,0,1,0,1,0,1,0,3,0
85,1,0,1,1,2,0,1,0,1,0,2,0,1,0,2,0
86,1,0,2,1,4,1,1,0,1,0,1,0,2,0,2,0
87,1,0,1,1,2,1,1,0,1,0,2,0,3,1,2,1
88,1,0,1,0,3,0,1,1,1,0,3,0,2,0,1,1
89,1,0,1,1,1,1,1,1,1,0,2,1,2,1,3,1
90,,,,,,,,,,,,,,,,
91,1,0,2,1,3,0,1,0,1,0,1,0,1,0,2,0
92,1,0,3,1,4,1,1,0,1,0,1,0,1,0,1,0
93,1,0,4,1,4,1,1,0,1,0,1,0,1,0,1,0
94,1,0,2,1,2,1,1,1,1,0,2,1,5,1,5,1
95,1,0,4,1,1,1,1,0,1,0,1,0,1,0,1,0
96,1,0,1,0,3,1,1,0,1,0,3,0,2,0,3,0
97,1,0,2,1,2,1,1,1,1,0,2,0,1,0,2,1
98,1,0,2,1,2,1,1,0,1,0,1,0,2,0,1,1
99,1,0,3,1,3,1,1,0,1,0,1,0,1,1,1,1
100,1,0,1,0,1,0,1,1,1,0,1,0,1,0,1,1
101,1,0,2,1,1,1,1,0,1,0,4,1,3,1,3,1
102,1,0,1,0,1,0,1,0,1,0,1,0,3,0,5,1
103,1,0,2,1,2,1,1,0,1,0,2,1,3,1,3,1
104,1,1,1,0,2,1,1,1,1,0,4,1,2,0,4,1
105,1,0,2,1,1,1,1,0,1,0,3,0,4,1,2,1
106,1,0,3,1,4,1,1,1,1,0,1,0,1,0,1,1
107,1,0,1,0,1,1,1,0,1,0,4,0,3,0,3,0
108,2,0,1,1,2,1,1,0,1,0,2,1,1,1,3,1
109,1,0,1,0,1,0,1,0,1,0,1,0,1,0,1,0
110,1,0,3,1,1,1,1,0,1,0,1,0,1,0,1,1
111,1,0,2,0,2,1,1,0,1,0,3,1,3,1,3,1
112,1,0,2,1,3,1,1,0,1,0,3,1,3,1,2,1
113,1,0,1,1,1,1,1,1,1,0,5,1,2,0,1,1
114,1,0,4,1,4,1,1,0,1,0,1,0,1,0,1,1
115,1,0,1,1,2,1,1,1,1,0,3,1,2,1,4,1
116,1,0,1,0,1,0,1,0,1,0,1,0,1,0,1,0
117,1,0,2,0,4,0,1,1,1,0,3,0,4,0,4,0
118,1,0,3,1,4,1,1,0,1,0,1,0,1,0,2,1
119,1,0,2,1,1,1,1,0,1,0,3,0,4,1,2,1
120,1,0,1,1,2,1,1,1,1,0,2,0,1,1,4,1
121,1,0,3,1,3,1,1,0,1,0,2,0,2,0,4,0
122,1,0,1,0,1,0,1,0,1,0,1,0,1,0,1,0
123,1,0,1,0,1,0,1,0,1,0,4,1,1,0,2,1
124,1,0,3,1,3,1,1,0,1,0,1,0,1,0,1,0
125,1,0,1,0,1,0,1,0,1,0,1,0,1,0,1,0
126,1,0,2,1,3,1,1,0,1,0,1,0,2,0,3,1
127,1,0,1,1,2,1,1,0,1,0,1,0,2,0,5,0
128,1,0,3,1,1,0,1,0,1,0,1,0,1,0,1,0
129,1,0,1,0,1,0,1,0,1,0,1,0,1,0,1,0
130,1,0,1,0,1,0,1,0,1,0,1,0,1,0,1,0
131,1,0,2,1,1,1,1,0,1,0,2,1,2,1,3,1
132,1,0,2,1,1,1,1,0,1,0,2,0,4,1,5,1
133,1,0,1,1,4,1,1,0,1,0,1,1,2,1,2,1
134,1,0,4,1,5,1,1,0,1,0,1,0,1,0,1,1
135,2,0,1,0,1,0,3,1,2,0,3,0,2,0,2,0
136,1,0,2,1,2,1,1,0,1,0,1,1,1,1,1,1
137,1,0,2,1,3,1,1,0,1,0,2,0,1,1,2,1
138,1,0,3,1,4,1,1,0,1,0,1,1,4,1,1,1
139,1,0,1,0,1,1,1,0,1,0,5,0,2,0,1,1
140,1,0,1,0,1,1,1,1,1,0,1,0,1,0,1,1
141,1,1,1,1,3,1,1,0,1,0,5,1,1,0,3,1
142,1,0,3,1,3,1,1,0,1,0,1,0,1,0,3,1
143,2,0,1,1,3,1,1,0,1,0,3,1,2,1,1,1
144,1,0,3,1,4,1,1,0,1,0,1,0,1,0,1,1
145,1,0,1,1,2,1,1,0,1,0,1,0,3,1,1,1
146,1,1,3,1,2,1,1,0,1,0,2,1,2,1,4,1
147,1,1,1,1,4,1,1,1,1,0,3,1,2,1,1,1
148,1,0,1,0,2,1,2,0,1,0,1,0,3,1,4,1
149,1,0,1,1,2,1,1,0,1,0,2,0,1,1,3,1
150,1,0,1,1,1,1,1,0,1,0,3,1,4,1,2,1
151,1,0,3,1,2,1,1,0,1,0,2,1,2,1,4,1
152,1,0,3,1,2,1,1,0,1,0,2,1,2,1,3,1
153,1,0,1,0,1,0,1,0,1,0,1,0,1,0,1,0
154,1,0,4,1,1,0,1,0,2,0,1,0,1,0,1,0
155,1,0,2,1,2,0,1,0,1,0,1,0,1,0,1,0
156,3,0,1,0,1,0,1,0,1,0,1,0,1,0,1,0
157,1,0,4,1,1,0,1,0,1,0,1,0,1,0,1,0
158,1,0,2,1,1,1,1,0,1,0,1,0,1,0,1,0
159,1,0,3,1,2,0,1,0,1,0,1,0,3,0,1,0
160,2,,1,,2,,1,,1,,2,,1,,2,
161,1,0,4,1,1,0,1,0,2,0,1,0,1,0,1,0
162,1,0,5,1,1,0,1,0,1,0,1,0,1,0,1,0
163,1,0,1,0,1,0,1,0,1,0,2,0,1,0,3,0
164,1,0,1,0,1,1,2,0,1,0,1,1,1,0,1,1
165,1,0,2,0,2,0,1,0,1,0,1,0,1,0,1,0
166,1,0,3,1,2,0,1,0,1,0,1,0,2,0,1,0
167,1,0,4,1,1,0,1,0,2,0,1,0,1,0,1,0
168,2,1,1,1,1,0,4,1,1,0,1,0,1,0,3,1
169,1,0,2,1,1,1,1,1,1,0,1,1,1,0,1,0
170,2,0,1,1,1,0,1,0,1,0,1,0,1,0,1,1
171,3,1,1,1,1,0,1,0,1,0,1,1,1,0,1,0
172,1,0,4,1,4,1,1,0,1,0,1,0,4,0,2,0
173,1,0,3,1,3,1,1,0,1,0,1,0,1,0,1,0
174,,0,,0,,0,,0,,0,,0,,0,,0
175,3,0,2,0,1,1,1,0,1,0,1,0,1,0,2,0
176,1,0,4,1,1,0,1,0,1,0,1,0,1,0,1,0
177,1,0,4,1,1,0,1,0,1,0,1,0,1,0,1,0
178,1,0,3,1,3,1,1,0,1,0,1,0,1,0,1,0
179,1,0,4,1,1,0,1,0,1,0,1,0,1,0,1,0
180,1,0,2,0,1,0,1,1,1,0,1,0,1,0,2,0
181,1,1,2,0,3,0,1,1,1,0,4,1,2,0,2,1
182,2,0,2,1,2,0,1,0,1,0,1,0,1,0,1,0
183,1,0,5,1,3,1,1,1,1,0,1,0,1,0,1,0
184,3,0,1,1,1,0,1,0,1,0,1,0,1,0,2,0
185,1,1,3,0,1,0,1,0,1,0,1,0,1,0,1,0
186,2,0,1,0,1,0,5,1,1,0,1,0,1,0,3,1
187,1,0,4,1,2,0,1,0,1,0,1,0,1,0,2,0
188,1,0,5,1,2,0,1,0,1,0,1,0,1,0,1,0
189,1,0,3,1,1,0,1,0,1,0,1,0,1,0,1,0
190,1,0,1,0,1,0,1,0,1,0,1,0,1,0,1,0
191,1,0,2,1,1,0,1,0,1,0,1,0,1,0,1,0
192,1,0,2,1,2,0,1,0,1,0,1,0,1,0,4,0
193,1,0,2,1,2,0,1,0,1,0,1,0,1,0,1,0
194,1,0,1,1,1,0,1,0,1,0,2,0,2,0,2,1
195,2,,1,,1,,1,,1,,4,,1,,3,
196,1,0,4,1,1,1,1,0,1,0,1,0,1,0,1,0
197,1,0,4,1,4,1,1,0,1,0,1,0,1,0,1,0
198,1,0,3,1,1,0,1,0,1,0,1,1,1,0,1,1
199,2,0,1,1,1,0,1,0,1,0,1,0,1,0,1,0
200,1,0,1,0,2,0,1,1,1,0,1,0,1,0,1,0
201,2,0,2,1,1,1,2,0,1,0,1,0,1,0,3,1
202,1,0,3,1,2,0,1,0,1,0,1,0,1,0,1,0
203,1,0,1,1,1,0,1,0,1,0,1,0,1,0,1,0
204,1,0,3,1,1,0,1,0,1,0,1,0,1,0,1,1
205,3,0,1,0,3,0,1,0,1,0,2,0,1,0,3,1
206,1,0,2,1,2,1,1,0,1,0,1,0,1,0,4,1
207,1,0,4,1,1,0,1,0,2,0,1,0,1,0,1,0
208,1,1,4,1,1,1,1,1,1,0,1,0,1,1,1,1
209,1,0,5,1,1,0,1,0,1,0,1,0,1,0,1,0
210,1,0,2,1,2,0,1,0,1,0,1,0,1,0,1,0
211,1,0,3,1,1,0,1,0,1,0,1,0,1,0,1,0
212,1,0,2,1,1,0,1,0,1,0,1,0,1,0,1,0
213,1,1,2,0,1,0,1,0,1,0,1,0,1,0,1,1
214,2,0,1,1,2,0,1,0,1,0,2,0,1,0,2,1
215,2,1,1,1,1,0,1,1,1,0,1,1,1,0,1,1
216,1,0,5,1,1,1,1,0,1,0,1,0,1,0,1,0
217,1,0,3,1,4,1,1,0,1,0,1,0,1,0,1,1
218,1,0,4,1,1,1,1,0,1,0,1,0,1,0,1,0
219,1,0,5,1,1,0,1,0,1,0,1,0,1,0,1,0
220,2,0,2,1,1,1,1,0,1,0,2,0,1,0,2,1
221,2,1,1,1,1,0,1,0,1,0,1,0,1,0,1,0
222,1,0,4,1,2,1,1,0,1,0,1,0,1,0,2,0
223,1,1,2,0,1,0,1,1,1,0,1,1,1,0,3,1
224,1,0,2,1,1,1,1,0,1,0,1,0,1,0,1,0
225,2,1,2,0,1,0,1,0,1,0,1,1,1,0,1,0
226,1,1,3,0,3,0,1,0,1,0,2,0,1,0,1,1
227,1,0,5,1,1,0,1,0,1,0,1,0,1,0,1,0
228,1,0,3,1,4,0,1,0,1,0,1,0,1,0,3,0
229,5,1,1,1,1,0,1,0,1,0,1,0,1,0,1,0
230,1,0,2,1,1,0,1,0,1,0,1,0,1,0,3,0
231,2,1,1,1,1,0,1,1,1,0,1,0,1,0,1,1
232,1,0,3,1,1,0,1,0,1,0,1,0,1,0,1,0
233,1,0,3,1,2,0,1,0,1,0,2,0,2,0,4,0
234,1,0,4,1,1,0,1,0,1,0,1,0,1,0,1,0
235,2,0,2,1,1,0,1,0,1,0,1,0,1,0,1,0
236,1,0,4,1,1,0,1,0,1,0,1,0,1,0,1,0
237,1,1,4,0,1,0,1,0,1,0,1,0,1,0,2,1
238,1,0,3,1,1,0,1,0,1,0,1,0,1,0,1,0
239,1,0,4,1,1,0,1,0,1,0,1,0,1,0,1,0
240,2,0,2,1,1,0,1,0,1,0,1,0,1,0,4,0
241,1,0,4,1,1,0,1,0,1,0,1,0,1,0,1,0
242,1,0,3,1,1,1,1,0,1,0,1,0,3,0,2,0
243,1,0,5,1,1,0,1,0,1,0,1,0,1,0,1,0
244,2,0,1,0,3,0,1,1,1,0,2,0,1,0,3,0
245,1,0,5,0,1,0,1,0,1,0,1,0,1,0,1,0
246,1,0,5,1,3,0,1,0,1,0,1,0,1,0,1,0
247,3,0,4,1,1,0,1,1,1,0,1,0,1,0,1,0
248,2,1,1,1,1,0,1,1,1,0,1,0,1,0,1,1
249,2,0,2,1,1,0,1,0,1,0,1,0,1,0,1,0
250,2,0,1,0,1,0,3,0,1,0,1,0,1,0,3,0
251,1,0,3,1,1,1,1,0,1,0,1,0,1,0,1,0
252,1,0,2,0,4,1,1,1,1,0,1,0,1,0,2,1
253,1,0,2,0,1,0,1,0,1,0,1,0,1,0,2,0
254,1,0,1,0,1,0,1,0,1,0,1,0,1,0,1,0
255,3,0,1,1,2,0,1,0,1,0,1,0,1,0,5,0
256,2,0,1,1,1,1,1,0,1,0,2,0,2,0,2,0
257,1,0,5,1,3,0,1,0,1,0,1,0,1,0,1,0
258,1,1,1,0,1,1,2,1,1,0,1,0,1,0,1,1
259,2,1,1,0,2,0,3,1,1,0,1,0,1,0,3,0
260,1,0,3,1,2,0,1,0,1,0,1,0,1,0,3,0
261,1,0,4,1,1,0,1,0,2,0,1,0,1,0,1,0
262,1,0,4,1,1,0,1,0,1,0,1,0,1,0,1,0
263,1,0,2,1,1,0,1,0,1,0,1,0,1,0,2,1
264,1,0,2,1,2,1,1,0,1,0,1,0,2,0,1,1
265,3,0,1,1,1,0,1,0,1,0,1,0,1,0,1,0
266,1,1,3,0,2,0,1,1,1,0,1,0,1,0,3,1
267,2,0,2,1,1,0,1,0,1,0,1,0,1,0,1,0
268,1,0,3,1,3,1,1,1,1,0,1,0,1,1,1,1
269,1,0,4,1,1,1,1,0,1,0,1,0,1,0,1,0
270,3,1,1,0,1,0,1,0,1,0,1,1,1,0,1,0
271,1,1,5,0,1,0,1,1,1,0,1,0,1,0,3,1
272,1,0,3,1,4,0,1,0,1,0,1,0,1,0,3,0
273,1,0,4,1,1,0,1,0,1,0,1,0,1,0,1,0
274,1,0,4,1,1,0,1,0,1,0,1,0,1,0,2,0
275,1,0,3,1,1,1,1,0,1,0,1,0,2,0,2,1
276,3,0,1,0,2,0,1,0,1,0,1,0,1,0,2,0
277,1,0,4,1,3,0,1,0,1,0,1,0,1,0,1,0
278,3,0,1,1,3,0,1,1,1,0,2,0,1,0,1,0
279,3,0,1,0,1,0,1,0,1,0,1,0,1,0,1,1
280,1,0,5,1,2,1,1,0,1,0,1,0,1,0,1,0
281,1,0,1,1,1,1,1,0,1,0,1,0,1,0,4,1
282,1,0,2,1,2,0,1,0,1,0,2,0,1,0,2,0
283,3,0,1,1,1,0,1,1,1,0,1,0,1,0,1,0
284,1,1,3,1,1,1,1,0,1,0,2,0,2,0,2,1
285,1,1,2,1,1,1,2,1,1,0,2,1,1,1,2,1
286,1,0,1,1,1,1,1,0,1,0,2,0,1,0,3,1
287,3,0,1,0,1,0,1,0,1,0,2,0,1,0,3,0
288,1,1,5,1,2,1,1,0,1,0,1,0,1,0,2,1
289,2,0,1,1,1,1,1,0,1,0,3,0,2,0,4,0
290,1,0,2,0,3,1,1,0,1,0,3,0,3,0,2,1
291,1,0,4,1,2,1,1,0,1,0,1,0,1,0,1,0
292,2,0,1,0,1,0,1,0,2,0,4,0,1,0,3,1
293,1,0,1,1,1,1,1,0,1,0,3,1,1,0,4,1
294,1,0,1,1,2,1,1,0,1,0,3,0,2,0,4,1
295,1,0,2,0,1,0,1,0,1,0,1,0,1,0,2,1
296,1,0,4,1,2,1,1,0,1,0,1,0,1,0,1,0
297,1,0,2,1,4,1,1,0,1,0,3,0,1,0,4,0
298,1,0,1,1,1,0,1,0,1,0,1,0,1,0,2,1
299,1,0,1,1,4,1,1,0,1,0,1,0,2,0,1,0
300,2,0,1,1,2,0,1,0,1,0,3,0,1,0,2,1
301,1,0,3,1,1,0,1,0,1,0,1,0,1,0,3,0
302,2,1,1,0,1,0,1,1,1,0,1,1,1,0,1,1
303,2,0,1,1,1,1,1,1,1,0,1,0,1,0,1,1
304,1,0,1,1,1,1,1,0,1,0,3,0,1,0,4,0
305,1,0,1,0,1,0,1,0,1,0,1,0,1,0,1,0
306,1,0,1,0,1,0,2,1,2,0,1,0,1,0,1,1
307,1,0,2,1,1,1,1,0,1,0,3,1,2,1,3,1
308,1,0,3,1,1,1,1,0,1,0,1,0,1,0,1,0
309,1,0,1,1,1,1,1,0,1,0,3,0,3,0,2,0
310,1,0,1,0,1,1,1,0,1,0,4,0,2,0,3,0
311,1,0,1,1,2,1,1,0,1,0,3,0,4,0,2,0
312,1,0,2,0,2,1,1,0,1,0,2,0,2,0,5,0
313,1,1,1,1,1,1,1,0,1,0,3,1,4,1,4,1
314,1,0,2,1,2,1,1,0,1,0,1,0,1,0,1,0
315,2,0,1,0,1,0,1,1,1,0,4,0,1,0,2,0
316,1,0,1,0,2,0,2,0,1,0,4,1,1,0,3,1
317,1,0,4,1,3,0,1,0,1,0,2,0,1,0,2,1
318,1,0,3,1,2,1,1,0,1,0,1,0,1,0,1,1
319,2,0,5,1,2,1,1,0,1,0,1,0,1,0,3,0
320,1,0,1,0,1,1,1,0,1,0,5,1,2,1,2,1
321,1,0,1,1,1,1,1,0,1,0,2,0,1,0,3,1
322,1,0,2,1,3,1,1,0,1,0,3,0,3,1,1,0
323,1,0,3,1,4,1,1,0,1,0,1,0,1,0,2,1
324,1,0,3,0,2,1,1,0,1,0,2,1,2,1,4,1
325,1,0,4,1,1,1,1,0,1,0,1,0,2,1,1,0
326,1,0,1,1,1,1,1,0,1,0,4,1,3,1,5,1
327,1,0,3,0,3,0,1,0,1,0,1,0,1,0,3,1
328,2,0,1,0,1,0,1,0,1,0,2,1,1,1,2,1
329,3,0,3,1,1,0,1,0,1,0,1,0,1,0,1,0
330,1,0,5,0,1,0,1,0,1,0,1,0,1,0,1,0
331,1,0,1,0,3,1,1,0,1,0,1,1,1,1,4,1
332,1,0,4,1,1,1,1,0,1,0,1,0,1,0,1,0
333,2,1,1,0,2,0,1,1,1,0,4,0,2,0,3,0
334,1,1,2,0,2,1,1,1,1,0,1,1,1,0,1,1
335,2,0,1,1,1,1,1,0,1,0,4,0,2,0,2,0
336,1,0,2,1,4,1,1,1,1,0,2,1,3,1,3,1
337,1,0,2,1,1,0,1,1,1,0,1,0,1,0,2,1
338,1,0,3,1,3,1,1,0,1,0,1,0,2,0,1,0
339,1,1,1,0,1,1,1,1,1,0,3,1,1,0,4,1
340,1,1,3,1,2,1,1,1,1,0,1,1,3,1,1,0
341,2,1,1,0,1,1,1,0,1,0,1,1,2,0,3,1
342,1,0,2,0,1,0,1,0,1,0,1,0,1,1,2,1
343,2,0,1,0,2,0,1,0,1,0,4,1,1,0,3,1
344,1,0,1,0,2,0,1,0,1,0,3,0,4,0,2,0
345,1,0,1,1,1,1,1,0,1,0,4,1,3,1,3,1
346,1,0,1,1,2,1,1,0,1,0,2,0,1,1,3,1
347,1,0,1,0,1,0,1,0,1,0,1,0,1,0,1,0
348,1,1,1,0,3,1,1,1,1,0,1,1,1,0,4,1
349,2,0,1,1,1,1,1,0,1,0,4,1,1,1,2,1
350,1,0,1,1,3,0,1,0,1,0,2,0,4,0,2,0
351,1,0,1,1,1,1,1,0,1,0,1,0,2,1,2,1
352,1,0,2,1,3,1,1,0,1,0,3,1,3,1,3,1
353,1,0,2,1,1,1,1,0,1,0,3,1,2,1,5,1
354,1,0,3,0,3,1,1,0,1,0,1,0,1,0,1,1
355,1,0,1,1,2,1,1,0,1,0,4,1,4,1,4,1
356,1,0,3,1,4,1,1,0,1,0,1,1,4,0,1,0
357,1,0,1,0,3,1,1,0,1,0,2,1,2,0,3,1
358,1,0,3,0,3,1,1,0,1,0,2,1,2,1,2,1
359,1,0,1,0,1,0,1,1,1,1,1,0,2,0,5,0
360,1,0,1,0,1,1,1,0,1,0,2,1,2,1,3,1
361,1,0,2,0,4,0,1,0,1,0,1,0,1,0,1,1
362,1,0,2,1,2,1,1,0,1,0,2,1,2,1,2,1
363,1,0,3,0,3,0,1,0,1,0,1,0,2,0,3,0
364,1,1,2,1,3,1,1,0,1,0,1,1,2,1,4,1
365,1,1,2,1,4,1,1,1,1,0,2,1,1,0,1,1
366,1,0,1,1,1,1,1,0,1,0,2,1,4,0,1,1
367,1,0,2,1,1,1,2,0,1,0,2,1,1,1,2,1
368,1,0,3,1,2,1,1,0,1,0,1,1,5,1,3,1
369,1,0,1,1,1,1,1,0,1,0,2,1,4,1,1,1
370,1,1,1,1,1,1,1,1,1,0,3,1,2,1,3,1
371,1,0,1,1,1,1,1,0,1,0,3,1,5,1,1,1
372,1,0,3,0,1,0,1,0,1,0,1,1,1,1,4,1
373,1,0,2,1,3,1,1,0,1,0,1,1,3,1,1,1
374,1,0,1,0,1,0,1,0,1,0,1,0,1,0,1,0
375,1,0,2,1,3,1,1,0,1,0,1,0,2,1,1,1
376,1,0,1,0,1,0,1,0,1,0,1,0,1,0,1,0
377,1,0,1,1,3,1,1,0,1,0,2,0,1,0,3,1
378,1,0,2,1,2,1,1,0,1,0,1,1,1,1,1,1
379,1,1,1,0,1,0,1,1,1,0,3,1,3,0,2,0
380,1,0,1,1,1,1,1,0,1,0,2,1,2,1,1,0
381,1,0,2,1,1,1,1,0,1,0,1,0,1,1,1,1
382,1,1,3,1,3,1,1,0,1,0,3,1,3,0,1,1
383,1,1,1,1,2,1,2,1,1,0,2,1,1,1,1,1
384,1,0,1,1,1,1,1,0,2,0,1,1,1,0,1,1
385,1,0,1,0,2,1,1,1,1,0,2,0,3,1,5,1
386,3,0,4,1,1,1,1,0,1,0,2,0,1,0,3,1
387,1,0,4,1,1,1,1,0,1,0,1,0,1,0,1,0
388,1,0,1,0,1,0,1,0,1,0,1,0,1,0,1,0
389,1,1,1,1,1,1,1,1,1,0,3,1,1,1,2,1
390,1,0,1,1,2,1,1,0,1,0,3,1,1,1,3,1
391,1,0,1,0,2,1,1,1,1,0,2,1,1,0,1,0
392,1,0,2,1,2,1,1,0,1,0,1,0,2,0,1,1
393,1,0,1,0,1,0,1,1,1,0,3,0,1,0,5,0
394,2,0,1,0,1,0,2,0,1,0,1,0,1,0,1,0
395,1,0,3,1,1,0,1,0,1,0,1,0,1,0,1,0
396,1,0,3,1,4,0,1,0,1,0,1,0,1,0,1,0
397,1,0,4,1,1,0,3,0,1,0,1,0,1,0,1,0
398,1,0,1,1,1,0,1,0,1,0,1,0,1,0,2,0
399,1,0,5,1,2,0,1,0,1,0,1,0,1,0,1,0
400,1,0,2,1,2,0,1,0,1,0,1,0,1,0,1,0
401,1,1,2,1,1,1,1,0,1,0,1,1,1,1,1,1
402,2,1,1,0,1,0,1,1,1,0,1,1,1,0,1,0
403,2,0,1,1,1,0,1,0,1,0,1,0,2,0,3,1
404,1,0,3,0,3,0,1,0,1,0,1,0,1,0,1,0
405,1,0,3,1,3,0,1,0,1,0,2,0,1,0,2,0
406,3,1,1,1,1,1,1,0,1,0,1,1,1,0,1,1
407,1,0,1,1,2,0,1,0,1,0,4,0,1,0,3,1
408,1,0,2,1,2,0,1,0,1,0,1,0,1,0,2,0
409,1,0,1,1,1,0,1,0,1,0,1,0,1,0,1,0
410,2,0,2,1,1,0,1,0,1,0,1,0,1,0,1,0
411,1,0,2,1,3,0,1,0,1,0,1,0,2,0,1,0
412,1,0,1,1,1,0,1,0,1,0,1,0,1,0,1,0
413,3,0,1,1,1,0,1,0,1,0,1,0,1,0,3,1
414,1,0,3,1,2,1,1,0,1,0,1,0,1,0,1,0
415,2,0,1,1,1,1,3,0,1,0,1,1,1,1,1,1
416,1,0,3,1,3,1,1,0,1,0,1,0,1,0,3,1
417,1,0,2,1,1,0,1,0,1,0,1,0,1,0,1,0
418,1,0,3,1,1,0,1,0,1,0,1,0,1,0,1,0
419,1,0,4,1,2,0,1,0,1,0,1,0,1,0,1,0
420,1,0,1,1,1,1,1,0,1,0,1,0,2,0,2,0
421,1,0,4,1,1,1,1,0,1,0,1,0,1,0,1,0
422,1,0,1,0,1,0,1,0,1,0,1,0,1,0,1,0
423,2,0,1,0,1,0,1,0,1,0,1,0,1,0,1,0
424,1,0,2,1,2,0,1,0,1,0,2,0,1,0,2,0
425,1,0,3,1,3,0,1,0,1,0,1,0,1,0,1,0
426,1,1,1,0,1,0,1,1,1,0,2,1,2,0,1,1
427,3,1,1,0,1,0,1,0,1,0,2,1,1,0,2,0
428,1,0,3,0,1,0,1,0,1,0,1,0,1,0,1,0
429,2,0,1,0,1,0,1,0,1,0,1,0,1,0,1,0
430,1,0,3,0,1,0,1,0,1,0,1,0,1,0,1,0
431,1,0,2,1,2,0,1,0,1,0,1,0,1,0,1,0
432,1,0,3,1,2,0,1,0,1,0,1,0,1,0,1,0
433,1,0,2,1,2,1,1,0,1,0,2,1,2,0,2,1
434,1,0,4,1,1,0,1,0,1,0,1,0,1,0,2,1
435,1,0,4,1,1,0,1,0,1,0,1,0,1,0,3,1
436,1,1,1,1,2,1,1,1,4,0,1,0,1,0,1,0
437,1,0,3,1,3,0,1,0,1,0,1,0,1,0,1,0
438,1,0,2,1,1,0,1,0,1,0,1,0,1,0,2,0
439,1,0,3,1,3,0,3,0,2,0,1,0,1,1,1,0
440,2,0,1,0,2,0,1,0,1,0,1,0,1,0,2,1
441,2,1,1,0,1,0,2,1,1,0,1,0,1,0,1,0
442,2,1,1,0,1,0,1,0,1,0,1,0,1,0,2,0
443,3,1,1,0,1,0,1,0,1,0,1,1,1,0,2,1
444,1,0,1,1,1,0,1,0,1,0,1,0,1,0,3,1
445,2,0,1,0,2,0,1,0,1,0,3,0,1,0,2,0
446,1,0,1,1,1,1,1,0,1,0,1,0,1,0,3,0
447,2,0,3,1,1,1,2,0,1,0,1,0,1,1,1,1
448,1,0,3,1,2,0,1,0,1,0,1,0,1,0,1,0
449,1,0,1,1,1,0,1,0,1,0,1,0,2,0,4,0
450,1,0,5,1,2,0,1,0,1,0,1,0,1,0,1,1
451,1,0,3,1,1,1,1,0,1,0,1,0,1,0,1,0
452,1,0,2,1,3,0,1,0,1,0,1,0,2,0,1,0
453,1,0,2,1,3,0,1,0,1,0,2,0,1,0,2,0
454,2,0,1,0,1,0,1,0,1,0,1,0,1,0,1,0
455,1,0,2,0,2,0,5,0,1,0,1,0,1,0,1,0
456,1,0,3,1,2,1,1,0,1,0,1,0,1,0,3,0
457,1,0,4,1,2,0,1,0,1,0,1,0,1,0,1,0
458,4,1,1,0,1,0,1,1,1,0,1,0,1,0,1,0
459,1,0,1,1,1,0,1,0,1,0,1,0,1,0,1,0
460,1,0,3,0,2,0,1,0,1,0,1,0,1,0,3,0
461,1,0,4,1,1,0,1,0,1,0,1,0,1,0,1,0
462,1,0,1,0,1,0,1,0,1,0,1,0,1,0,1,0
463,2,0,2,1,1,0,1,0,1,0,2,0,1,0,1,0
464,1,0,3,1,4,0,1,0,1,0,1,0,1,0,1,0
465,1,0,4,0,1,0,1,0,1,0,1,0,1,0,1,0
466,2,0,2,1,1,1,1,0,1,0,2,0,1,0,1,1
467,2,0,1,0,1,0,1,0,1,0,2,0,1,0,2,0
468,1,0,4,1,1,0,1,0,1,0,1,0,1,0,1,0
469,2,1,3,0,1,0,2,0,1,0,1,1,1,0,2,0
470,1,0,3,0,1,0,1,0,1,0,1,0,1,0,1,0
471,4,1,1,0,1,0,1,0,1,0,1,1,1,0,2,0
472,1,0,4,1,1,0,1,0,1,0,1,0,1,0,2,0
473,1,0,2,1,1,0,1,0,1,0,1,0,1,0,1,1
474,1,1,2,1,4,0,1,0,1,0,2,0,1,0,1,1
475,1,0,3,1,1,0,1,0,1,0,1,0,1,0,3,0
476,2,1,1,0,2,0,1,1,1,0,2,1,1,0,2,1
477,1,0,2,1,2,0,3,0,2,0,1,0,1,0,1,0
478,1,0,2,1,2,0,5,0,1,0,1,0,1,0,1,0
479,1,0,3,1,1,0,1,0,1,0,1,0,1,0,1,0
480,1,0,5,1,1,0,1,0,1,0,1,0,1,0,1,0
481,1,1,1,1,2,0,1,0,1,0,2,0,2,0,1,1
482,2,0,1,0,3,0,1,0,1,0,3,0,1,0,1,1
483,1,0,3,0,1,0,1,0,1,0,1,0,2,0,1,1
484,1,0,5,1,1,0,1,0,1,0,1,0,1,0,1,0
485,1,0,1,0,1,0,1,0,1,0,1,0,1,0,1,0
486,1,1,4,1,2,1,1,1,1,0,1,1,1,0,2,1
487,1,0,3,1,4,0,1,0,1,0,1,0,1,0,1,0
488,2,1,1,0,1,0,2,0,1,0,1,1,1,0,1,1
489,1,0,4,1,1,0,1,0,1,0,1,0,1,0,2,0
490,1,0,4,0,1,0,1,0,1,0,1,0,1,0,1,0
491,3,0,1,0,1,0,1,0,1,0,3,0,1,0,3,1
492,2,1,1,1,2,1,1,1,1,0,2,1,1,1,2,1
493,1,0,5,1,1,0,1,0,1,0,1,0,1,0,1,1
494,2,1,3,1,1,1,1,1,1,0,1,0,1,0,1,1
495,1,0,4,1,1,0,1,0,1,0,1,0,1,0,1,0
496,2,0,2,0,1,0,1,0,1,0,2,0,1,0,3,1
497,1,0,4,1,3,1,3,0,1,0,1,0,1,0,1,0
498,1,0,2,1,1,1,1,0,1,0,1,0,1,0,3,0
499,1,0,4,1,1,1,1,0,1,0,1,0,1,0,1,0
500,1,0,3,1,1,1,1,0,1,0,1,0,1,0,3,0
501,2,0,1,0,1,0,1,0,1,0,1,0,1,0,1,0
502,2,0,1,0,1,0,1,0,1,0,1,0,1,0,1,0
503,1,0,3,0,1,0,1,0,1,0,1,0,1,0,1,1
504,3,0,1,1,1,0,1,0,1,0,3,0,1,0,1,1
505,1,0,1,1,3,0,1,0,1,0,1,0,2,0,1,0
506,1,0,2,1,2,0,1,0,1,0,1,0,1,0,2,0
507,2,0,2,0,1,0,1,1,1,0,1,0,1,0,1,0
508,2,0,1,0,2,0,1,0,1,0,2,0,1,0,3,0
509,2,1,2,1,2,1,1,0,1,0,1,0,1,0,3,1
510,1,0,5,1,1,0,1,0,1,0,1,0,1,0,1,0
511,1,0,3,1,1,0,1,0,1,0,1,0,1,0,2,0
512,1,1,5,1,1,1,1,0,1,0,1,0,1,0,1,1
513,2,1,3,1,1,1,1,1,1,0,2,0,1,0,1,1
514,1,0,2,1,2,1,5,0,1,0,1,0,1,0,1,1
515,3,1,1,0,1,0,1,1,1,0,3,1,1,0,3,1
516,1,0,3,1,1,1,1,0,1,0,1,0,1,0,1,1
517,1,1,5,0,1,0,1,0,1,0,1,0,1,0,1,0
518,2,0,3,0,1,0,1,0,1,0,2,0,1,0,1,0
519,1,0,3,1,2,0,1,0,1,0,1,0,1,0,1,0
520,1,0,1,0,1,0,1,0,1,0,1,0,1,0,1,0
521,1,0,2,0,1,1,1,1,1,0,1,0,3,0,1,1
522,1,0,3,1,2,0,1,0,1,0,1,0,1,0,1,0
523,1,1,4,1,1,1,1,1,1,0,1,0,1,0,1,1
524,2,0,1,1,1,0,1,0,1,0,2,0,1,0,1,0
525,1,0,3,1,1,0,1,0,1,0,1,0,1,0,1,0
526,1,0,3,0,2,0,1,0,1,0,1,0,2,0,1,0
527,2,1,1,1,1,1,1,1,1,0,1,0,1,0,4,1
528,1,0,4,1,1,1,1,0,1,0,1,0,1,0,1,0
529,2,0,1,0,1,0,1,0,1,0,1,0,1,0,2,0
530,1,0,2,1,2,0,5,0,1,0,1,0,1,0,1,0
531,2,0,2,0,1,0,1,0,1,0,1,0,1,0,3,1
532,1,0,1,1,1,1,1,0,1,0,1,0,1,0,1,0
533,1,0,2,0,1,1,1,0,1,0,1,0,1,0,2,1
534,1,0,4,0,1,0,1,0,1,0,1,0,1,0,1,0
535,1,0,3,1,1,0,1,0,1,0,1,0,1,0,1,0
536,1,1,5,1,2,1,1,1,1,0,1,1,1,1,1,1
537,5,1,1,0,1,0,1,0,1,0,1,1,1,0,1,0
538,1,1,1,0,1,0,1,0,1,0,1,0,1,0,1,0
539,1,0,1,1,2,1,1,0,1,0,1,0,3,0,1,1
540,1,0,5,1,2,0,1,0,1,0,1,0,1,0,1,0
541,1,0,3,1,2,1,1,0,1,0,2,0,1,0,3,0
542,1,0,3,1,1,0,1,0,1,0,1,0,1,0,2,0
543,4,1,1,1,1,1,1,1,1,0,1,1,1,1,1,1
544,3,1,1,1,1,1,1,1,1,0,1,0,1,0,1,1
545,1,0,4,1,1,1,1,0,1,0,1,0,1,0,1,1
546,4,1,1,0,1,0,1,1,1,0,4,1,1,0,1,0
547,4,1,1,0,1,0,1,0,1,0,1,0,1,0,1,0
548,2,1,1,0,1,0,1,1,1,0,1,1,1,0,1,0
549,5,1,1,1,1,0,1,0,1,0,1,1,1,0,1,0
550,1,0,4,1,1,1,1,0,1,0,1,1,1,0,1,1
551,3,1,1,0,1,0,1,0,1,0,2,0,1,0,3,0
552,1,0,1,1,2,1,1,0,1,0,3,0,1,1,2,1
553,1,0,3,1,2,0,1,0,1,0,1,0,1,0,1,0
554,1,1,2,0,4,0,1,0,1,0,1,0,1,0,2,0
555,2,1,1,1,1,1,1,1,1,0,3,1,2,1,1,1
556,4,1,1,0,1,0,1,0,1,0,1,1,1,0,1,1
557,4,1,1,1,1,1,1,1,1,0,1,1,1,0,1,1
558,1,0,3,0,1,0,1,0,1,0,1,0,1,0,1,0
559,1,1,4,1,1,0,3,1,1,0,1,0,1,0,2,1
560,1,0,2,1,1,1,1,0,1,0,1,0,1,0,1,0
561,1,0,4,0,1,0,1,0,1,0,1,0,1,0,1,0
562,1,0,3,1,1,0,1,0,1,0,1,0,1,0,1,0
563,1,0,3,0,1,0,1,0,1,0,1,0,1,0,1,1
564,1,0,5,0,2,0,1,0,1,0,1,0,1,0,1,0
565,3,0,1,1,1,0,1,0,1,0,3,0,1,0,3,1
566,4,1,1,1,1,1,1,0,1,0,1,0,1,1,1,1
567,5,1,1,0,1,0,1,1,1,0,1,0,1,0,1,1
568,1,0,5,1,1,0,1,0,1,0,1,0,1,0,1,0
569,1,0,3,1,2,0,1,0,1,0,1,0,1,0,1,0
570,3,1,1,0,1,0,1,0,1,0,1,1,1,0,1,1
571,3,1,1,0,1,1,1,0,1,0,1,0,1,0,1,1
572,1,0,1,0,2,0,1,0,1,0,4,0,2,0,3,0
573,1,0,4,0,1,0,1,0,1,0,1,0,2,0,2,0
574,1,1,4,1,1,1,1,0,1,0,1,0,2,0,1,1
575,4,1,1,0,1,0,1,1,1,0,1,0,1,0,1,1
576,3,0,1,0,1,0,1,0,1,0,2,0,1,0,1,0
577,1,0,3,0,2,1,1,1,1,0,1,0,1,0,1,1
578,1,0,3,0,1,0,1,0,1,0,1,0,1,0,1,0
579,1,0,4,1,1,1,1,0,1,0,1,0,2,0,1,1
580,1,0,2,1,1,1,1,0,1,0,1,0,1,0,1,0
581,1,0,4,1,1,1,1,0,1,0,1,0,1,0,1,0
582,1,1,4,1,1,0,1,0,1,0,1,0,1,0,1,1
583,4,1,2,0,1,0,1,0,1,0,1,1,1,1,1,0
584,1,0,2,0,1,0,1,1,1,0,1,0,1,0,1,0
585,1,0,4,1,1,0,1,0,1,0,1,0,1,0,1,0
586,2,0,1,0,1,0,1,0,1,0,4,0,2,0,2,1
587,4,0,1,1,1,1,1,0,1,0,1,0,1,0,1,1
588,1,0,4,1,1,0,1,0,1,0,1,0,1,0,1,0
589,1,0,2,1,4,0,1,0,1,0,1,0,1,0,2,0
590,2,0,1,1,2,0,1,0,1,0,1,0,1,0,1,0
591,1,0,3,1,2,1,1,0,1,0,1,0,3,0,2,0
592,1,0,4,1,1,1,1,0,1,0,1,0,1,0,1,0
593,3,0,1,1,1,0,1,0,1,0,2,0,1,0,3,0
594,4,1,1,0,1,0,1,0,1,0,1,0,1,0,1,0
595,4,1,1,0,1,1,1,1,1,0,1,1,1,0,1,1
596,3,0,1,1,1,1,1,0,1,0,1,0,1,0,2,1
597,1,0,5,0,2,1,1,0,1,0,1,0,1,0,1,1
598,1,0,2,1,1,0,1,0,1,0,1,0,1,0,1,1
599,5,1,1,0,1,0,1,0,1,0,1,1,1,1,1,0
600,1,0,3,1,2,0,1,0,1,0,1,0,1,0,1,0
601,1,0,3,1,1,1,1,0,1,0,1,0,1,0,1,0
602,1,0,2,1,4,0,1,0,1,0,1,0,1,0,2,0
603,1,0,4,1,1,0,1,0,1,0,1,0,1,0,1,1
604,2,0,2,1,1,0,1,0,1,0,1,0,1,0,2,0
605,1,0,3,1,1,0,1,0,1,0,1,0,1,0,1,0
606,1,0,1,0,1,1,1,0,1,0,1,0,1,0,1,0
607,1,0,3,1,3,1,1,0,1,0,3,0,1,0,3,1
608,2,0,2,1,1,0,1,0,1,0,2,1,1,1,2,1
609,1,0,1,0,1,0,1,0,1,0,4,0,2,0,2,0
610,1,0,1,0,1,1,1,0,1,1,1,0,1,0,1,0
611,1,0,1,1,1,1,1,0,1,0,4,1,2,1,4,1
612,2,0,1,1,1,1,1,0,1,0,4,1,1,1,3,1
613,1,0,3,1,3,1,1,0,1,0,2,1,2,1,2,1
614,1,0,3,1,1,0,1,1,1,0,1,0,1,0,3,0
615,1,0,2,1,1,1,1,1,1,0,1,0,1,0,2,1
616,1,0,2,1,2,1,1,0,1,0,1,0,1,0,1,0
617,1,0,1,0,1,1,1,0,1,1,1,1,1,0,1,1
618,1,0,3,0,1,0,1,1,1,0,1,0,1,0,1,1
619,1,0,1,0,4,1,1,0,1,0,3,1,3,1,2,0
620,1,0,2,0,1,1,1,0,1,0,3,1,2,1,3,1
621,2,0,1,0,1,1,1,0,1,0,4,0,1,0,3,1
622,1,0,2,1,1,1,1,0,1,0,1,0,2,0,3,0
623,4,1,2,0,1,0,1,1,1,0,1,0,1,0,1,0
624,1,0,3,1,4,1,1,0,1,0,1,0,1,1,2,0
625,2,0,1,1,1,1,1,0,1,0,1,0,1,0,1,0
626,1,0,2,1,3,1,1,0,1,0,2,0,2,0,2,0
627,1,0,3,1,2,1,1,0,1,0,1,0,1,0,2,1
628,1,0,1,0,1,0,1,0,1,0,1,0,1,0,1,0
629,1,0,3,1,2,1,1,0,1,0,1,1,2,1,3,1
630,2,0,1,1,1,1,1,0,1,0,2,0,1,1,2,1
631,3,0,1,1,1,1,1,0,1,0,3,1,1,1,3,1
632,1,0,2,1,3,1,1,0,1,0,2,1,4,1,1,1
633,1,0,3,0,4,1,1,0,1,0,1,0,3,0,1,1
634,1,0,1,0,1,1,1,0,1,0,1,0,1,0,1,0
635,2,0,1,1,4,1,1,1,1,0,3,0,1,1,1,1
636,1,0,4,1,1,1,1,1,1,0,1,0,1,0,1,0
637,1,0,1,1,1,1,2,0,1,0,1,1,1,1,2,1
638,1,0,2,1,2,1,1,0,1,0,2,0,5,1,5,1
639,2,0,3,1,1,1,1,0,1,0,1,1,3,1,1,1
640,2,0,1,1,2,1,1,0,1,0,2,0,1,0,3,1
641,1,0,1,1,1,1,1,0,1,0,4,1,2,1,4,1
642,1,0,1,0,1,0,1,0,1,0,1,0,1,0,1,0
643,3,0,1,1,1,1,1,0,1,0,1,1,3,0,3,1
644,2,1,1,0,1,1,1,0,1,0,2,1,1,0,2,1
645,1,0,3,1,4,1,1,0,1,0,1,0,1,0,1,0
646,1,0,2,1,4,1,1,0,1,0,1,0,1,1,3,0
647,1,0,3,0,2,0,1,0,1,0,1,0,1,0,3,0
648,2,0,1,0,1,0,1,1,1,0,1,0,1,0,1,0
649,2,0,2,1,1,0,1,0,1,0,1,0,1,0,1,0
650,1,0,1,1,1,0,1,1,1,0,1,0,1,0,2,0
651,2,0,1,1,1,0,1,0,1,0,3,0,1,0,4,1
652,1,0,1,1,3,0,1,0,1,0,3,0,1,0,3,0
653,1,0,1,1,1,0,1,0,1,0,1,0,1,0,1,0
654,2,1,1,1,2,0,1,0,1,0,2,1,1,0,1,1
655,2,0,1,0,2,0,2,0,1,0,4,0,2,0,2,0
656,1,0,3,1,2,0,1,0,1,0,1,0,1,0,1,0
657,1,0,1,0,1,0,1,0,1,0,1,0,1,0,2,0
658,1,0,4,1,1,0,1,0,1,0,1,1,1,0,1,0
659,2,1,1,0,1,0,1,0,1,0,1,0,1,0,5,0
660,2,0,1,1,2,0,1,0,1,0,2,0,1,0,4,1
661,1,0,1,1,2,0,1,0,1,0,1,0,1,0,1,0
662,4,0,1,0,1,0,1,0,1,0,1,0,1,0,1,0
663,1,0,2,1,1,0,1,0,1,0,1,0,1,0,1,0
664,1,0,2,0,4,1,1,0,1,0,1,0,1,0,1,0
665,1,0,4,1,1,0,1,0,1,0,1,0,1,0,3,0
666,2,0,2,1,1,0,1,0,1,0,2,0,2,0,3,1
667,2,0,1,0,2,0,2,1,1,0,1,0,1,0,3,0
668,1,0,2,1,1,0,1,0,1,0,1,0,1,0,1,0
669,1,0,3,1,1,0,1,0,1,0,2,0,1,1,1,0
670,1,0,2,0,2,0,2,0,1,0,1,0,1,0,1,0
671,1,0,2,1,3,0,1,0,1,0,2,0,2,0,1,0
672,2,0,1,0,1,0,2,0,1,0,1,0,1,0,1,0
673,1,0,3,1,1,0,1,0,1,0,1,0,1,0,1,0
674,1,0,3,1,2,1,1,0,1,0,1,0,1,0,1,1
675,1,0,3,1,2,0,1,0,1,0,1,0,1,0,1,0
676,1,0,2,1,5,0,1,0,1,0,1,0,1,0,1,0
677,1,1,2,0,1,0,1,1,1,0,1,1,1,0,3,0
678,2,0,1,1,1,0,1,0,1,0,1,0,1,0,2,0
679,1,0,3,1,1,1,1,0,1,0,1,0,1,0,1,0
680,1,0,3,1,2,1,1,0,1,0,1,0,1,0,1,0
681,1,0,3,1,1,1,1,0,1,0,1,0,1,0,1,0
682,2,0,1,1,2,1,1,0,1,0,3,0,1,0,1,0
683,1,1,1,0,1,1,1,1,1,0,1,1,1,0,1,1
684,3,0,1,1,1,0,1,0,1,0,1,0,1,0,1,0
685,2,1,1,0,1,0,2,1,1,0,1,1,1,0,1,0
686,3,1,1,0,1,0,1,1,1,0,3,1,1,0,1,1
687,2,0,1,0,1,0,1,0,1,0,1,0,1,0,1,0
688,3,0,1,0,1,0,1,0,1,0,1,0,1,0,1,0
689,1,1,3,0,1,0,1,0,1,0,2,1,1,0,3,1
690,4,1,1,0,1,0,1,0,1,0,1,1,1,0,1,0
691,1,0,5,1,2,1,1,0,1,0,1,0,1,0,1,0
692,1,0,3,1,1,1,1,0,1,0,1,0,1,0,1,0
693,1,0,1,1,1,1,1,0,1,0,1,1,1,0,1,1
694,3,1,1,0,1,0,2,0,1,0,1,0,1,0,1,1
695,2,0,1,0,1,0,1,0,1,0,1,0,1,0,2,0
696,1,1,2,1,1,1,1,1,1,0,1,1,1,0,1,1
697,2,1,1,0,1,0,1,0,1,0,2,1,1,0,1,1
698,3,1,1,0,1,0,1,1,1,0,3,1,1,0,1,0
699,3,,1,,1,,1,,1,,1,,1,,2,
700,1,0,1,0,2,0,1,0,1,0,2,0,1,0,1,0
701,3,1,1,0,1,0,1,1,1,0,5,1,1,0,1,1
702,1,0,3,1,1,0,1,0,1,0,1,0,1,0,1,0
703,1,1,1,0,1,0,2,1,1,0,1,1,1,0,1,0
704,3,0,1,0,1,0,1,0,1,0,1,0,1,0,1,0
705,2,1,1,1,1,0,1,0,1,0,1,1,1,1,2,1
706,1,0,2,1,1,0,1,0,1,0,2,0,1,0,1,0
707,2,0,2,1,1,0,1,0,1,0,1,0,1,0,1,1
708,1,1,1,1,1,0,2,1,1,1,1,1,1,0,1,1
709,2,0,1,1,2,0,1,0,1,0,2,0,1,0,3,0
710,1,0,2,1,4,0,1,0,1,0,1,0,1,0,2,0
711,2,0,1,1,1,0,1,0,1,0,1,0,1,0,2,0
712,1,0,1,1,1,1,1,0,1,0,1,0,1,1,1,1
713,2,1,1,0,2,0,1,0,1,0,4,1,2,0,3,1
714,2,0,2,1,1,0,1,0,1,0,1,0,1,0,3,1
715,3,1,1,0,1,0,1,1,1,0,2,0,1,0,1,0
716,1,1,2,0,2,0,1,1,1,1,1,1,1,0,3,0
717,2,0,1,1,1,1,1,0,1,0,1,0,1,0,2,1
718,4,0,1,0,1,0,1,1,1,0,2,1,1,0,1,0
719,1,0,3,0,4,0,1,0,1,0,1,1,1,0,1,0
720,4,1,1,0,1,0,1,1,1,0,1,1,1,0,1,0
721,2,1,1,0,2,0,2,0,1,0,4,1,2,0,2,1
722,2,0,2,0,1,0,1,0,1,0,1,0,1,0,1,0
723,2,0,2,1,1,0,1,0,1,0,1,0,1,0,1,0
724,1,0,3,1,1,0,3,0,1,0,1,0,1,0,2,0
725,3,0,1,1,1,1,1,0,1,0,1,0,1,0,4,0
726,3,1,1,0,1,0,1,1,1,0,1,0,1,0,3,1
727,1,0,2,1,4,0,1,0,1,0,1,0,1,0,1,1
728,2,0,1,0,1,0,1,1,1,0,1,0,1,0,1,1
729,4,1,1,0,1,0,1,0,1,0,1,1,1,0,1,0
730,3,1,1,0,1,0,1,1,1,0,1,1,1,0,1,0
731,3,0,2,0,1,0,1,0,1,0,1,0,1,0,2,0
732,1,1,5,0,2,0,1,0,1,0,1,1,1,0,1,0
733,2,1,1,0,1,0,1,1,1,0,1,0,1,0,1,0
734,1,0,4,1,1,0,1,0,1,0,1,0,1,0,1,0
735,1,0,4,1,1,0,1,0,1,0,1,0,1,0,2,0
736,2,1,1,0,1,0,1,1,1,0,1,1,1,0,1,0
737,2,0,1,0,1,0,1,0,1,0,1,0,1,0,1,0
738,2,1,1,0,3,0,1,0,1,0,2,0,1,0,1,0
739,1,0,1,0,1,0,1,0,1,0,1,0,1,0,1,0
740,2,0,2,0,1,0,1,0,1,0,1,0,1,0,1,1
741,1,0,3,1,2,0,1,0,1,0,1,0,1,0,1,0
742,1,0,2,1,1,1,1,0,1,0,2,0,1,0,1,0
743,2,0,1,1,1,0,4,0,2,0,1,0,1,0,1,0
744,3,0,1,1,1,1,2,0,1,0,1,0,1,0,1,1
745,1,0,1,0,1,0,1,0,1,0,1,0,1,0,1,0
746,1,0,1,1,1,0,1,0,1,0,1,0,2,0,2,0
747,1,0,3,1,3,1,1,0,1,0,1,0,1,0,2,0
748,2,0,1,1,1,1,1,0,1,0,1,0,1,0,2,0
749,3,0,1,0,1,0,1,0,1,0,1,0,1,1,1,1
750,1,0,4,1,1,0,1,0,1,0,1,0,3,0,4,0
751,3,1,1,0,1,0,1,1,1,0,2,1,1,0,1,0
752,1,0,1,1,1,1,1,0,1,0,1,0,1,0,1,1
753,1,0,2,0,1,1,1,0,1,0,1,0,1,0,1,1
754,2,0,2,1,1,0,1,0,1,0,1,0,1,0,1,0
755,1,0,3,1,1,1,1,0,1,0,2,1,1,1,1,1
756,3,1,2,0,1,0,1,1,1,0,1,1,1,0,3,1
757,1,0,3,0,2,0,1,0,1,0,1,0,1,0,2,0
758,4,0,2,1,1,0,1,0,1,0,1,0,1,0,1,0
759,1,0,2,1,4,1,1,0,1,0,1,0,1,0,1,0
760,1,0,5,1,2,0,1,0,1,0,1,0,1,0,1,0
761,5,1,1,0,1,0,1,0,1,0,1,1,1,1,1,1
762,3,0,1,1,3,1,2,0,1,0,1,0,1,0,2,0
763,4,1,1,1,1,1,1,0,1,0,1,0,1,0,1,1
764,1,0,3,1,1,1,1,0,1,0,1,0,1,0,1,0
765,3,1,1,1,1,1,1,1,1,0,5,1,1,0,1,1
766,1,0,5,1,1,1,2,0,1,0,1,0,1,0,2,1
767,3,0,1,1,1,1,1,0,1,0,2,0,1,0,1,0
768,1,0,4,0,1,0,1,0,1,0,1,0,2,0,2,0
769,3,1,1,0,1,0,2,1,1,0,1,1,1,0,1,0
770,1,0,3,1,1,1,1,0,1,0,1,0,1,0,1,0
771,3,0,1,1,1,1,1,0,1,0,2,0,1,0,3,0
772,1,0,3,1,1,1,1,0,1,0,1,0,1,0,1,0
773,3,1,1,0,1,0,1,1,1,0,2,0,1,0,1,1
774,3,0,1,1,2,0,1,0,1,0,1,0,1,0,1,0
775,1,0,3,1,3,0,1,0,1,0,1,0,1,0,1,1
776,3,1,1,0,1,1,1,1,1,0,2,1,1,0,3,1
777,3,1,1,1,2,0,1,1,1,0,1,1,1,0,3,0
778,5,1,1,0,1,0,1,1,1,0,1,0,1,0,1,0
779,2,1,2,1,2,1,1,1,1,0,1,1,1,0,2,1
780,2,0,1,1,2,1,1,0,1,0,2,0,1,1,1,1
781,1,0,3,1,1,1,1,0,1,0,1,0,1,0,2,0
782,1,0,2,1,4,1,1,0,1,0,1,0,1,0,1,0
783,1,0,3,1,2,0,1,0,1,0,1,0,1,0,1,1
784,2,1,1,1,2,1,1,1,1,0,2,0,1,0,1,0
785,3,0,1,0,1,1,1,1,1,0,2,0,1,0,1,0
786,2,1,2,1,1,0,1,0,1,0,1,0,1,0,1,0
787,1,0,1,1,2,1,1,0,1,0,1,0,1,0,1,0
788,1,0,3,1,1,1,1,0,1,0,1,0,1,0,1,0
789,1,0,4,1,1,0,1,0,1,0,1,0,1,0,1,1
790,4,1,1,1,1,1,1,1,1,0,1,0,1,0,1,1
791,1,0,4,1,1,0,1,0,1,0,1,0,1,0,1,0
792,4,0,1,1,1,1,1,0,1,0,2,0,1,0,2,0
793,2,0,3,1,1,0,1,0,1,0,1,0,1,0,2,0
794,5,1,1,0,1,0,1,0,1,0,1,1,1,0,1,0
795,2,1,1,1,1,1,1,0,1,0,2,1,1,1,2,1
796,2,0,1,1,1,0,1,0,1,0,1,0,1,0,2,0
797,2,0,2,1,2,1,1,0,1,0,1,0,1,0,2,0
798,4,1,1,0,1,0,1,0,1,0,1,0,1,0,1,0
799,1,0,2,1,1,1,1,0,1,0,1,0,1,0,1,0
800,1,0,4,1,2,1,1,0,1,0,1,0,1,0,1,0
801,2,1,1,0,1,0,1,0,1,0,1,1,1,0,1,0
802,4,0,1,0,1,0,1,0,1,0,1,0,1,0,1,0
803,2,0,1,0,1,0,1,1,1,0,1,1,1,0,1,0
804,1,0,4,1,1,0,1,0,1,0,1,0,1,0,1,0
805,1,0,3,1,2,1,1,0,1,0,1,0,2,1,1,0
806,1,0,4,1,1,0,1,0,1,0,1,0,1,0,1,0
807,3,0,1,0,1,0,1,1,1,0,5,0,1,0,2,0
808,1,0,4,1,2,0,1,0,1,0,1,0,1,0,2,0
809,1,1,2,1,4,1,1,1,1,0,1,1,1,0,2,1
810,3,1,1,0,1,0,1,0,1,0,5,1,1,0,1,1
811,4,0,1,1,1,0,1,0,1,0,2,0,1,0,1,0
812,2,0,1,0,1,0,1,0,1,0,3,1,2,0,2,0
813,2,1,4,0,1,1,1,0,1,0,1,1,1,0,3,0
814,1,0,3,1,1,1,1,0,1,0,1,0,1,0,3,0
815,1,0,2,0,2,1,1,0,1,0,1,0,1,0,1,0
816,2,0,4,1,1,1,1,0,1,0,1,0,1,0,1,0
817,1,0,4,1,1,0,1,0,1,0,1,0,1,0,2,0
818,4,1,1,0,1,0,1,1,1,0,2,1,1,0,2,0
819,2,0,1,1,1,0,1,0,1,0,1,0,1,0,1,0
820,1,0,3,1,1,1,1,0,1,0,1,1,1,1,1,1
821,1,0,2,1,2,1,1,0,1,0,1,1,2,1,1,1
822,1,0,4,1,2,1,1,0,1,0,1,0,1,0,1,0
823,1,0,1,1,1,0,1,0,1,0,1,0,1,0,1,1
824,3,1,1,1,1,0,1,0,1,0,2,0,1,0,1,1
825,2,1,3,0,1,0,1,0,1,0,1,1,1,0,2,1
826,1,0,3,1,3,1,1,0,1,0,1,0,1,0,2,1
827,5,1,1,0,1,0,1,0,1,0,1,0,1,0,1,0
828,1,0,3,1,2,1,1,0,1,0,1,0,2,1,3,1
829,2,1,1,1,1,1,1,0,1,0,1,1,1,1,2,1
830,3,0,1,0,1,0,1,0,1,0,3,0,1,0,2,1
831,2,0,1,1,1,1,1,1,1,0,4,1,1,1,3,1
832,1,0,1,1,1,1,1,0,1,0,3,1,2,1,3,1
833,1,0,1,1,1,0,1,0,1,0,5,0,1,1,1,1
834,1,0,1,0,1,1,1,0,1,0,2,1,1,0,1,1
835,1,0,2,1,3,1,1,0,1,0,3,0,1,0,3,0
836,1,0,1,0,1,0,1,0,1,0,1,0,1,0,1,0
837,1,0,1,1,1,1,1,0,2,0,1,0,1,0,1,1
838,1,0,1,0,1,0,1,0,1,0,1,0,1,0,1,0
839,5,1,1,0,1,0,1,0,1,0,1,0,1,0,1,0
840,1,0,2,1,2,1,1,0,1,0,1,1,1,0,3,1
841,1,0,2,1,1,1,2,0,1,0,2,0,1,1,2,1
842,1,0,1,0,4,0,1,0,1,0,4,0,2,0,2,0
843,1,0,1,0,1,1,1,0,1,0,1,0,1,1,3,0
844,1,0,1,1,1,0,4,0,1,0,1,1,1,1,1,1
845,1,0,4,1,1,1,1,0,1,0,1,1,1,1,1,1
846,1,0,4,1,4,1,1,1,1,0,2,1,2,1,1,1
847,1,0,1,0,1,0,1,0,1,0,1,0,1,0,1,0
848,1,0,1,0,1,0,1,0,1,0,1,0,1,0,1,0
849,1,0,1,1,1,1,1,1,1,1,1,1,1,0,2,1
850,1,0,1,0,1,0,1,0,1,0,1,0,1,0,1,0
851,1,0,2,1,1,1,1,0,1,0,1,1,2,0,3,1
852,1,0,1,0,1,1,1,0,1,1,1,0,1,0,1,0
853,3,0,1,0,1,0,1,0,1,0,2,0,1,0,1,0
854,1,0,1,0,1,1,1,1,1,0,4,0,1,0,1,1
855,1,0,1,0,1,0,1,0,1,0,2,0,1,1,3,1
856,1,0,1,0,1,0,1,0,1,0,1,0,1,0,1,0
857,3,0,1,1,1,1,1,0,1,0,2,0,1,0,4,0
858,2,0,2,1,2,1,1,0,1,0,1,0,1,1,2,1
859,1,0,1,0,1,0,1,1,1,0,1,0,1,0,1,0
860,1,0,1,1,1,1,1,0,1,0,3,1,2,1,3,0
861,1,0,1,0,1,1,1,0,1,0,4,0,2,1,3,1
862,1,0,1,1,3,1,1,0,2,0,2,0,1,0,2,0
863,2,0,1,1,1,1,2,0,1,0,4,0,1,1,2,1
864,4,1,1,1,1,0,1,0,1,0,1,1,1,0,1,0
865,1,0,3,1,2,1,1,0,1,0,2,1,1,1,3,1
866,1,0,4,0,4,1,1,0,1,0,2,0,2,1,1,0
867,1,0,1,0,1,0,1,0,1,0,1,0,1,0,1,0
868,1,0,1,0,1,0,1,0,1,0,1,0,1,0,1,0
869,1,0,1,1,3,1,1,0,1,0,1,1,2,1,1,1
870,1,1,1,0,1,1,1,1,2,1,1,1,1,0,1,1
871,1,0,1,0,1,0,1,0,1,0,1,0,1,0,1,0
872,1,0,1,0,1,1,1,0,1,0,2,1,1,1,2,1
873,1,0,1,0,1,0,1,0,1,0,1,0,1,0,1,0
874,1,0,2,0,3,0,1,1,1,0,3,0,3,0,2,1
875,2,0,1,1,1,1,1,0,1,0,3,0,2,0,2,0
876,2,1,1,1,1,0,1,1,1,0,3,1,1,0,3,1
877,1,0,1,0,1,0,1,0,1,0,1,0,1,0,1,0
878,2,0,1,0,2,0,1,1,1,0,2,0,1,1,2,1
879,1,0,1,0,1,0,1,0,1,0,1,0,1,0,1,0
880,1,0,4,1,1,1,1,0,1,0,1,0,1,1,1,1
881,1,0,1,1,1,1,1,1,2,1,1,1,1,1,1,1
882,1,0,1,0,2,1,1,0,1,0,1,0,1,0,3,0
883,1,0,1,0,1,1,1,1,2,0,1,1,1,0,1,1
884,1,0,1,1,1,1,1,0,1,0,4,0,1,0,2,0
885,1,0,1,1,1,1,1,1,2,0,1,1,2,1,1,1
886,1,1,4,1,1,1,1,0,1,0,1,0,1,0,1,1
887,1,0,2,1,4,1,1,0,1,0,1,0,1,0,1,0
888,1,0,2,1,2,1,1,0,1,0,2,0,3,1,1,0
889,1,0,1,0,1,1,1,1,1,0,1,0,1,1,2,0
890,1,0,2,0,3,1,1,0,1,0,1,0,2,0,1,0
891,1,0,1,0,2,1,1,0,1,0,3,1,1,1,2,1
892,3,0,1,0,1,0,1,0,1,0,2,0,1,0,2,0
893,1,0,1,1,1,1,1,0,1,0,1,0,2,0,4,0
894,1,0,1,1,1,1,1,0,1,0,3,0,3,1,2,1
895,1,0,1,0,2,1,1,0,1,0,3,0,1,0,2,0
896,1,0,1,0,2,1,1,1,1,1,2,0,1,0,1,0
897,1,0,1,0,1,0,1,0,1,0,1,0,1,0,1,0
898,1,0,2,0,2,0,1,1,1,0,1,1,1,0,3,0
899,1,0,1,1,1,1,2,0,1,0,1,0,1,0,2,0
900,1,0,2,1,2,0,1,0,1,0,1,0,1,0,3,1
901,2,0,1,0,2,0,1,1,1,0,2,0,1,0,2,0
902,2,1,1,0,1,0,2,1,1,0,1,1,1,0,1,0
903,1,0,2,1,2,0,1,0,1,0,1,0,1,0,1,0
904,1,0,2,0,3,0,1,1,1,0,1,0,1,0,1,0
905,1,0,3,1,1,1,1,0,1,0,1,0,1,0,1,1
906,1,0,3,1,2,0,1,0,1,0,1,0,1,0,1,0
907,1,0,4,1,2,0,1,0,1,0,1,0,1,0,2,0
908,1,1,2,1,2,0,1,1,1,0,1,0,1,0,1,0
909,1,0,2,1,2,0,1,0,1,0,1,0,1,0,1,0
910,2,1,1,0,1,0,2,1,1,1,1,0,1,0,1,0
911,1,0,3,1,1,0,1,1,1,0,1,0,1,0,1,0
912,2,0,4,1,1,1,1,1,1,0,1,0,1,0,1,1
913,3,1,1,1,1,0,1,0,1,0,1,1,1,0,2,1
914,2,0,1,0,1,0,1,0,1,0,1,0,1,0,2,0
915,1,1,1,0,1,0,2,1,1,0,1,0,1,0,1,1
916,1,0,1,0,2,0,2,1,1,0,3,0,1,0,2,0
917,1,0,3,1,1,0,1,0,1,0,1,0,1,0,1,0
918,1,0,4,0,2,0,1,0,1,0,1,0,1,0,1,0
919,2,1,1,1,1,1,1,0,1,0,1,0,1,0,1,1
920,1,0,2,1,1,0,1,0,1,0,1,0,1,0,1,0
921,1,0,3,1,1,1,1,0,1,0,1,0,1,0,1,0
922,1,0,1,1,2,0,1,0,1,0,1,0,1,0,1,0
923,2,1,1,0,1,1,1,1,1,0,1,1,1,0,1,0
924,1,0,3,1,2,1,1,0,1,0,1,0,1,0,1,0
925,3,0,1,0,1,0,1,1,1,0,2,0,1,0,1,0
926,2,0,4,0,1,0,1,0,1,0,1,0,1,0,2,0
927,3,0,1,0,1,0,1,0,1,0,1,0,1,0,2,0
928,1,0,2,1,2,0,1,0,1,0,1,0,1,0,1,0
929,1,1,1,0,1,0,1,1,1,0,2,0,1,0,1,0
930,1,0,1,0,2,0,1,0,1,0,2,0,1,0,1,0
931,2,0,2,1,1,1,1,0,1,0,1,0,1,0,1,0
932,3,0,2,1,1,0,1,0,1,0,1,0,1,0,3,0
933,1,0,5,1,1,1,1,0,1,0,1,0,2,0,1,0
934,1,0,3,1,1,1,1,0,1,0,1,0,1,0,2,1
935,,0,,0,,0,,0,,0,,0,,0,,0
936,3,0,1,0,3,0,2,1,1,0,1,0,1,0,2,1
937,1,0,3,1,3,1,1,0,1,0,1,0,1,0,2,1
938,1,0,4,1,4,1,1,0,1,0,1,0,1,0,1,0
939,3,1,2,1,2,1,1,1,1,0,1,1,1,1,1,1
940,2,1,1,1,1,0,1,0,1,0,4,0,1,0,1,1
941,1,0,5,1,1,0,1,0,1,0,1,0,1,0,1,0
942,3,0,1,1,1,1,1,0,1,0,1,0,1,0,1,0
943,3,0,1,0,1,0,1,1,1,0,2,0,1,0,1,1
944,1,0,2,1,1,0,1,0,1,0,1,0,1,0,2,0
945,1,0,1,1,1,0,1,1,1,0,1,0,1,0,3,0
946,1,0,2,0,2,0,1,0,1,0,1,0,1,0,3,0
947,1,0,2,1,2,1,1,0,1,0,1,0,1,0,1,0
948,2,0,3,0,1,0,1,0,1,0,1,0,1,0,2,0
949,2,0,1,0,1,0,1,1,1,0,2,0,1,0,1,0
950,1,0,4,1,3,1,1,0,1,0,1,0,1,0,2,1
951,3,0,1,1,3,1,2,0,1,0,1,0,1,0,2,0
952,3,1,2,1,1,1,1,1,1,0,1,1,1,0,1,1
953,1,0,2,1,2,1,1,0,1,0,1,0,1,0,1,0
954,1,0,4,0,1,1,1,0,1,0,1,1,1,1,1,1
955,3,0,1,0,3,0,2,0,1,0,1,0,1,0,2,0
956,3,0,2,0,1,0,1,0,1,0,1,0,1,0,3,0
957,1,0,3,1,4,0,1,0,1,0,1,0,1,0,1,0
958,1,0,3,1,2,0,1,0,1,0,1,0,1,0,1,1
959,1,0,1,1,1,0,1,0,1,0,1,0,2,0,5,0
960,1,0,4,1,3,0,3,1,1,0,1,0,1,0,1,0
961,1,0,1,0,1,1,1,0,1,0,2,0,2,0,4,0
962,1,0,2,1,2,1,1,0,1,0,1,0,1,0,1,1
963,3,0,1,1,1,1,1,1,1,0,1,0,1,0,1,1
964,1,0,4,1,1,0,1,0,1,0,1,0,1,0,1,0
965,1,0,1,1,2,0,1,0,1,0,1,0,1,0,2,0
966,1,1,2,1,4,1,1,0,1,0,1,0,1,0,1,0
967,1,0,3,1,3,1,1,1,1,0,1,0,4,1,1,0
968,1,0,3,1,2,0,1,0,1,0,1,0,1,0,1,0
969,1,0,2,1,2,1,1,0,1,0,1,0,1,0,1,0
970,1,0,2,1,2,1,1,0,1,0,1,0,1,0,1,0
971,1,0,2,1,2,1,1,1,1,0,1,0,1,1,1,0
972,4,1,1,0,1,0,1,0,1,0,2,1,1,0,1,0
973,1,0,3,1,4,0,1,0,1,0,1,0,1,0,1,0
974,1,0,4,1,2,0,1,0,1,0,1,0,1,0,1,0
975,1,1,3,1,3,0,1,0,1,1,1,0,1,0,2,0
976,1,0,3,1,3,1,1,1,1,0,1,0,1,1,1,0
977,1,0,1,0,1,1,1,0,1,0,1,0,1,0,1,0
978,1,0,2,1,1,1,1,1,1,0,1,0,1,0,1,0
979,1,0,5,1,2,0,1,0,1,0,1,0,1,0,1,0
980,2,0,1,0,1,0,3,1,1,0,1,0,1,0,1,0
981,2,,1,,1,,1,,1,,2,,1,,1,
982,1,0,1,0,2,0,1,1,1,0,1,0,2,0,3,1
983,1,0,1,1,1,1,1,1,1,0,4,1,2,0,2,1
984,1,0,1,0,1,0,1,1,1,0,2,1,1,0,1,0
985,1,0,1,0,1,0,1,0,1,0,1,0,1,0,1,0
986,1,0,1,0,2,0,1,0,1,0,3,0,1,0,2,0
987,1,0,1,0,1,0,1,0,1,0,1,0,1,0,1,0
988,1,0,1,1,1,1,1,0,1,0,2,0,2,0,1,0
989,2,0,1,1,1,0,1,0,1,0,1,0,1,0,1,1
990,1,0,1,1,3,1,1,0,1,0,4,1,1,1,2,1
991,1,0,1,0,1,0,1,1,1,0,2,0,1,0,1,0
992,1,0,2,1,2,1,1,0,1,0,1,0,1,0,1,0
993,1,0,2,1,4,1,1,0,1,0,1,0,1,0,1,0
994,1,0,2,0,2,0,1,0,1,0,1,0,1,0,3,0
995,1,1,2,1,2,0,1,0,1,0,1,0,1,0,1,1
996,1,0,1,0,1,0,1,0,1,0,1,0,1,0,1,0
997,2,0,1,0,2,0,1,0,1,0,3,0,1,0,1,0
998,2,1,1,0,1,0,1,1,1,0,4,1,1,0,3,0
999,1,0,1,0,2,1,1,0,1,0,2,0,1,0,1,0
1000,1,1,1,0,3,0,1,1,1,1,2,1,2,0,3,1
